sling,Length_slings,Short_long_slings,Hook_point,Load_dis,F_slings_total,F_total_hook,Start_hook,Roll,Pitch,Strain_slings
Sling1,"[12216.8300921311, 12278.06733570068, 12278.06733570068, 12278.06733570068]","[1, 0, 0, 0]","[91.60429616203626, -702.5744901676139, 11081.25901628329]","[0.3590671780588922, 0.17019372361611096, 0.34170626292870776, 0.1290372714129292]","[397753.7357095911, 187090.7569998439, 379953.83052438323, 141759.13705828166]","[-2423.271230395316, -3812.829026187035, 981004.3517323239]","[320.0885370816786, -303.71462918306355, 10732.513250767382]",-20.56606899872171,2.625188193220481,"[288.75512724385635, 138.9276807363385, 276.8685775641071, 105.2658530571249]"
Sling2,"[12278.06733570068, 12216.8300921311, 12278.06733570068, 12216.8300921311]","[0, 1, 0, 1]","[115.7973168524439, -747.6059756302584, 11058.686264365813]","[0.2837129278903218, 0.2201303250773286, 0.292275765367735, 0.2038854095910393]","[314923.8167034679, 242092.4875468095, 324587.38284874754, 224110.01204774808]","[-731.0413969208603, -257.9462236250547, 981004.3437958226]","[215.51897281448976, -598.8102718542024, 10783.857716736817]",-21.950349484566104,3.3192050017849426,"[232.12567249384742, 179.7702268027987, 239.27782606445254, 166.4170090648174]"
Sling3,"[12216.8300921311, 12278.06733570068, 12216.8300921311, 12278.06733570068]","[1, 0, 1, 0]","[115.63874043479012, -750.3408241541449, 11056.465972237826]","[0.3574759821362091, 0.14454864648519, 0.3633737343629693, 0.1346061139750051]","[396836.59112982894, 158985.2104072096, 403542.260589448, 147957.82240988067]","[3232.996483236311, 5959.948514878604, 981004.3918971454]","[0.055619091824857705, -950.0334113247953, 10721.436355116466]",-22.034845733024174,3.314654498886636,"[274.8819263026618, 118.05739047424386, 279.8561094591299, 109.86880080997784]"
Sling4,"[12278.06733570068, 12216.8300921311, 12278.06733570068, 12216.8300921311]","[0, 1, 0, 1]","[115.7973168524439, -747.6059756302584, 11058.686264365813]","[0.2837129278903218, 0.2201303250773286, 0.292275765367735, 0.2038854095910393]","[314923.8167034679, 242092.4875468095, 324587.38284874754, 224110.01204774808]","[-731.0413969208603, -257.9462236250547, 981004.3437958226]","[215.51897281448976, -598.8102718542024, 10783.857716736817]",-21.950349484566104,3.3192050017849426,"[232.12567249384742, 179.7702268027987, 239.27782606445254, 166.4170090648174]"
