Hook_point,Load_dis,F_slings_total,F_total_hook,Start_hook,Roll,Pitch,Strain_slings,sling,Short_long_slings,SKL_factor,Length_slings
"[0.0, 0.0, 10269.616175930445]","[0.25000208440612465, 0.25000208440612465, 0.25000208440612465, 0.25000208440612465]","[297765.76436895784, 297765.76436895784, 297765.76436895784, 297765.76436895784]","[0.0, 0.0, 981008.1792096331]","[0.0, 0.0, 10000.000001]",-0.0,-0.0,"[221.11144190034443, 221.11144190034443, 221.11144190034443, 221.11144190034443]", All normal length,"[1, 1, 1, 1]",N.V.T,
"[0.0, 0.0, 10269.765344205833]","[0.28476113586352436, 0.21524303276857892, 0.28476113586352436, 0.21524303276857892]","[339164.0569028806, 256364.68962835727, 339164.0569028806, 256364.68962835727]","[0.0, 0.0, 981008.1788561866]","[0.0, 0.0, 9962.476475250767]",-0.0,-0.0,"[251.85358961149808, 190.36831281188688, 251.85358961149808, 190.36831281188688]",Sling1,"[1, 0, 1, 0]",1.1390297256692903,"[12216.8300921311, 12278.06733570068, 12216.8300921311, 12278.06733570068]"
"[0.0, 0.0, 10269.765344205824]","[0.215243032768579, 0.28476113586352425, 0.215243032768579, 0.28476113586352425]","[256364.68962835742, 339164.05690288055, 256364.68962835742, 339164.05690288055]","[0.0, 0.0, 981008.1788561866]","[0.0, 0.0, 9962.476475250767]",-0.0,-0.0,"[190.36831281188702, 251.85358961149817, 190.36831281188702, 251.85358961149817]",Sling2,"[0, 1, 0, 1]",1.1390297256692903,"[12278.06733570068, 12216.8300921311, 12278.06733570068, 12216.8300921311]"
"[0.0, 0.0, 10269.765344205833]","[0.28476113586352436, 0.21524303276857892, 0.28476113586352436, 0.21524303276857892]","[339164.0569028806, 256364.68962835727, 339164.0569028806, 256364.68962835727]","[0.0, 0.0, 981008.1788561866]","[0.0, 0.0, 9962.476475250767]",-0.0,-0.0,"[251.85358961149808, 190.36831281188688, 251.85358961149808, 190.36831281188688]",Sling3,"[1, 0, 1, 0]",1.1390297256692903,"[12216.8300921311, 12278.06733570068, 12216.8300921311, 12278.06733570068]"
"[0.0, 0.0, 10269.765344205824]","[0.215243032768579, 0.28476113586352425, 0.215243032768579, 0.28476113586352425]","[256364.68962835742, 339164.05690288055, 256364.68962835742, 339164.05690288055]","[0.0, 0.0, 981008.1788561866]","[0.0, 0.0, 9962.476475250767]",-0.0,-0.0,"[190.36831281188702, 251.85358961149817, 190.36831281188702, 251.85358961149817]",Sling4,"[0, 1, 0, 1]",1.1390297256692903,"[12278.06733570068, 12216.8300921311, 12278.06733570068, 12216.8300921311]"
