sling,Length_slings,Short_long_slings,Hook_point,Load_dis,F_slings_total,F_total_hook,Start_hook,Roll,Pitch,Strain_slings
Sling1,"[12216.8300921311, 12278.06733570068, 12216.8300921311, 12278.06733570068]","[1, 0, 1, 0]","[0.0, 0.0, 10269.765344205833]","[0.28476113586352436, 0.21524303276857892, 0.28476113586352436, 0.21524303276857892]","[339164.0569028806, 256364.68962835727, 339164.0569028806, 256364.68962835727]","[0.0, 0.0, 981008.1788561866]","[0.0, 0.0, 9962.476475250767]",-0.0,-0.0,"[251.85358961149808, 190.36831281188688, 251.85358961149808, 190.36831281188688]"
Sling2,"[12278.06733570068, 12216.8300921311, 12278.06733570068, 12216.8300921311]","[0, 1, 0, 1]","[0.0, 0.0, 10269.765344205824]","[0.215243032768579, 0.28476113586352425, 0.215243032768579, 0.28476113586352425]","[256364.68962835742, 339164.05690288055, 256364.68962835742, 339164.05690288055]","[0.0, 0.0, 981008.1788561866]","[0.0, 0.0, 9962.476475250767]",-0.0,-0.0,"[190.36831281188702, 251.85358961149817, 190.36831281188702, 251.85358961149817]"
Sling3,"[12216.8300921311, 12278.06733570068, 12216.8300921311, 12278.06733570068]","[1, 0, 1, 0]","[0.0, 0.0, 10269.765344205833]","[0.28476113586352436, 0.21524303276857892, 0.28476113586352436, 0.21524303276857892]","[339164.0569028806, 256364.68962835727, 339164.0569028806, 256364.68962835727]","[0.0, 0.0, 981008.1788561866]","[0.0, 0.0, 9962.476475250767]",-0.0,-0.0,"[251.85358961149808, 190.36831281188688, 251.85358961149808, 190.36831281188688]"
Sling4,"[12278.06733570068, 12216.8300921311, 12278.06733570068, 12216.8300921311]","[0, 1, 0, 1]","[0.0, 0.0, 10269.765344205824]","[0.215243032768579, 0.28476113586352425, 0.215243032768579, 0.28476113586352425]","[256364.68962835742, 339164.05690288055, 256364.68962835742, 339164.05690288055]","[0.0, 0.0, 981008.1788561866]","[0.0, 0.0, 9962.476475250767]",-0.0,-0.0,"[190.36831281188702, 251.85358961149817, 190.36831281188702, 251.85358961149817]"
